Customer_ID,Name,Registration_Date,Country,Age,Gender
1,Jennifer Fox,2022-12-09,Dawnport,48,Female
2,Elizabeth Terry,2021-12-08,Beckerville,55,Other
3,Zachary Hernandez,2023-07-05,North Jessica,49,Other
4,Danielle Johnson,2020-07-25,East Suzanne,44,Female
5,Maureen Watson,2024-05-04,Briannabury,52,Male
6,Stephen Cortez,2024-09-21,Youngshire,34,Female
7,Jeffrey Walsh,2022-03-05,Flemingview,18,Other
8,Stephanie Nguyen,2021-06-08,North Juanview,37,Female
9,Ashley Johnson,2022-01-15,East Matthewburgh,44,Other
10,Daniel Stephens,2020-09-08,Leeton,57,Male
11,Stephanie Swanson,2021-03-02,Davidbury,30,Female
12,Ricky Logan,2021-06-28,Destinyfurt,52,Female
13,Jason Chen,2023-01-16,Sherrychester,44,Female
14,Ian Hayes,2022-08-09,Whiteview,44,Other
15,Paul Rogers,2024-02-27,Michaelberg,31,Female
16,Thomas Hernandez,2021-05-20,East Malloryport,37,Female
17,Brian Zimmerman,2021-05-14,West Kristin,34,Female
18,Caitlin Downs,2023-08-09,Heatherburgh,70,Female
19,Joel Li,2021-04-03,Williamstown,48,Male
20,April Fisher,2024-01-10,Haasburgh,44,Male
22,Jared Taylor,2021-10-12,Osborntown,56,Male
23,Bill Castro,2022-02-19,Cassidyborough,19,Male
24,Ronald Collier,2024-01-31,Parkston,50,Male
25,Luke Miller,2024-02-13,Kylemouth,28,Male
26,Mr. Ronald Dyer,2022-01-05,Lake Joshua,59,Female
27,Kiara Mcintosh,2023-03-01,East Matthew,47,Female
28,Jesse King,2020-11-29,Garyfurt,48,Female
29,Olivia Gonzalez,2023-10-10,Davidville,62,Female
30,Tammy Zimmerman,2022-04-24,Markfort,62,Female
32,Benjamin Hanson,2022-06-04,North April,36,Other
33,Paul Vega,2021-01-24,Juliechester,57,Female
34,Nicholas Sparks,2023-09-20,South Amyberg,24,Male
35,Dalton Hayes,2022-11-30,Dawnfurt,31,Female
36,Joshua Ryan,2021-02-23,Ericaview,63,Male
37,Lauren Faulkner,2023-02-22,Campbellmouth,56,Male
38,Alison Terry,2020-10-01,East Joanna,44,Female
40,James Flynn,2020-10-31,Christinaburgh,31,Female
41,Christine Hall,2023-07-20,Potterbury,35,Female
42,Daniel Smith,2022-03-02,Robertton,39,Female
43,Brittany Ramirez,2024-06-03,Lake Ebony,69,Other
44,Tammy Newman,2021-10-13,Christinemouth,50,Male
46,Maurice Lin,2020-08-06,Schwartzmouth,31,Male
47,Johnny Norman,2020-06-30,Kevinmouth,67,Female
48,Julie Heath,2021-02-18,Jasonshire,59,Female
50,Eric Johnson,2021-12-31,Port Charlesmouth,42,Male
51,Brittany Sanchez,2021-07-15,New Elizabeth,20,Male
52,Joseph Dillon,2020-03-16,West Michele,40,Male
53,Clinton Terry,2021-10-16,North Markshire,42,Male
54,Mary Hogan,2021-12-10,Denisestad,53,Other
55,Angelica Kelly,2024-04-17,Walkerchester,46,Female
57,Christopher Moore,2022-11-19,Brandonchester,30,Female
58,Zachary Camacho,2024-06-19,Robinsonton,68,Male
60,Debra Espinoza,2021-09-11,Karenport,31,Other
61,Ian Anderson,2024-08-10,Johnmouth,31,Male
62,Gregory Hoover,2023-10-12,North Jennifer,69,Other
63,Donna Gardner,2021-06-28,West Davidside,39,Other
64,Jason Marshall,2021-02-18,North Ashley,60,Female
65,Joshua Cochran,2021-06-21,Port Cody,69,Female
66,Charles Mcclain,2020-03-09,Donnaburgh,69,Male
67,Mark Robinson,2024-06-12,Port Cherylchester,28,Other
68,Sherry Gonzalez,2024-10-12,Cranetown,44,Female
69,Jasmine Ward,2020-10-11,Mendezmouth,34,Other
71,Megan Valdez,2023-08-27,Joshuastad,59,Female
73,Erica Chaney,2024-02-19,New Jeremytown,62,Male
75,Diana Morales,2021-10-31,Jonathanberg,25,Female
76,Jonathan Taylor,2023-05-29,Lake Jon,19,Female
77,Theodore Werner,2023-08-04,Lake Laurafurt,38,Female
78,Crystal Jones,2021-06-04,Port Donaldhaven,35,Other
79,Rebecca Vega,2021-06-27,Anthonyhaven,30,Female
80,Brenda Norton,2025-02-07,North Jeremyview,33,Female
81,Charles Morris,2025-01-29,North Kristin,69,Male
82,Catherine Lee,2020-11-30,Peterport,29,Female
83,Adam Cox,2023-01-11,South Jonathan,40,Male
85,Zachary Myers,2020-07-07,Port Lukefort,43,Other
86,Marilyn Bond,2020-10-09,New Pamela,34,Male
87,Sandra Harris,2023-07-06,South Candiceville,66,Other
88,Angel Ruiz,2022-10-24,Vaughnstad,49,Other
89,Sean Mata,2021-08-16,Lake Ryan,40,Female
90,Courtney Hernandez,2021-05-18,East Anneburgh,61,Male
92,Nathan Williams,2023-11-16,Morrisfurt,19,Female
93,Taylor Thomas,2021-08-18,Thomasshire,25,Female
94,Carol Reese,2024-06-26,Matthewton,60,Female
95,Karla Munoz,2022-05-22,Valerieland,29,Male
96,Nicholas Payne,2021-09-29,East Brenda,66,Other
97,Christopher Lynch,2020-12-11,Port Alexander,32,Female
98,Jessica Vega,2022-08-17,West Leslie,58,Female
99,Mark Jones,2020-10-10,Port Maria,44,Other
100,Lauren Martinez,2023-07-14,West Stevenland,28,Male
101,Dr. Danielle Lucas,2025-01-28,South Leonardside,29,Male
103,David Bailey,2023-11-10,West James,35,Female
104,Travis Lopez,2021-12-09,Heatherport,39,Female
105,David Mooney,2024-12-27,New Christopherland,55,Other
106,Justin Thomas,2021-01-14,North Kelly,22,Other
109,Casey Ortiz,2023-04-24,North Bethmouth,62,Male
110,Michael Rubio,2020-08-11,South Stephen,44,Other
111,Richard Marshall,2022-06-16,South Jerrymouth,53,Female
112,Zachary Hanson,2022-08-19,New Sarah,57,Female
113,Sandra White,2020-11-03,Blairfurt,30,Male
114,Valerie Knox,2022-02-14,Kennethland,29,Male
115,Cheryl Manning,2024-09-04,Harrismouth,38,Other
117,George Gonzalez,2024-08-14,East Johnmouth,45,Other
118,Emily Richards,2025-02-17,Julieberg,49,Other
120,Diana Ferguson,2020-07-28,Port Brianchester,23,Other
122,Brian Glenn,2023-05-18,Maloneville,60,Female
123,Melissa Henderson,2020-08-03,Jeffreyborough,43,Other
125,Maria Foley MD,2024-11-10,East Rebeccaside,65,Female
126,Stephanie Robinson,2023-10-25,Washingtonview,22,Other
128,Sarah Holmes,2024-09-18,West Jenny,28,Male
129,Christine Little,2024-07-06,Aprilstad,61,Female
131,Jamie Simon,2023-05-12,Georgeview,51,Male
132,Lori Roberts,2022-03-22,Ericport,36,Male
133,William Hawkins,2024-01-11,Jamestown,37,Male
134,Brendan Marshall,2022-05-19,Steeleborough,46,Other
135,Andrew Jones,2021-11-21,New Marissaside,21,Male
136,Tanner Mcfarland,2021-01-18,Port Stevenland,44,Other
137,Ricky Gonzales,2023-10-29,New Douglasshire,24,Other
139,Paula Casey,2022-01-21,Port Ruth,66,Female
140,Thomas Johnson,2020-08-23,Port Raymond,35,Other
141,Donald Hunter,2022-07-29,Timothyfort,66,Other
142,Nancy Harper,2024-01-15,Mariaton,62,Other
144,Casey Johnson,2023-01-21,Port Janet,64,Male
145,Bonnie Meyer,2024-01-12,Carolineton,44,Other
146,Stephanie West,2024-06-07,Port Tanyamouth,54,Other
147,Matthew Williams,2020-02-26,Jasonberg,32,Other
148,Abigail Cooper,2022-12-28,New Keith,51,Male
149,Lisa Evans,2020-09-06,Port Barbarafort,60,Male
150,Ryan Acosta,2021-11-18,Susanbury,44,Female
151,David Brown,2023-02-07,Meyersland,66,Other
152,Johnny Wilson,2024-11-08,Silvahaven,44,Female
153,David Erickson,2023-08-12,Noahland,64,Male
155,Jeremy Robbins,2020-07-17,Fordstad,33,Female
157,Kevin Koch,2023-11-01,Fordstad,33,Male
158,Kathryn Miller,2022-09-14,Melanieborough,64,Female
160,James Tate,2020-12-23,North Belindabury,54,Female
161,Ricky Davila,2022-09-07,West Hollymouth,70,Other
162,Danielle Kirk,2022-06-09,New Bruce,48,Male
163,Jesus Gilmore,2022-06-17,Jacobfort,43,Female
164,Carolyn Davis,2021-06-10,Lake Marcmouth,63,Other
165,Donald Gordon,2022-05-12,North Sean,58,Male
166,Cynthia Johnston,2021-09-27,Debraside,43,Female
168,Anthony Hays,2023-10-05,Mahoneyton,64,Female
169,Ariana Decker,2024-06-10,Whiteland,47,Other
170,Kristen Clayton,2023-05-01,New Yeseniaberg,45,Other
171,Christine Alexander,2021-07-13,Rodrigueztown,35,Other
172,Phyllis Stewart,2020-07-13,New Wandaport,57,Other
173,Robert Jackson,2024-02-09,Andrewland,35,Male
174,George Burns,2020-12-09,Bradburgh,57,Female
175,Kyle Cohen,2024-11-11,South Margaret,44,Male
177,Edward Lopez,2021-01-07,South Deborah,57,Male
178,Nathan Parker,2024-08-31,Josephmouth,19,Male
180,Jasmine Hamilton,2021-01-16,Katherineberg,33,Female
182,Edward Long,2021-11-01,Jennifertown,24,Male
184,Ryan Perry,2020-05-27,North Joeberg,40,Other
185,Mary Garcia,2024-12-22,Claytontown,23,Other
186,Craig Lopez,2022-05-09,Boylefort,30,Female
187,Nichole Brown,2021-11-23,Bradleyfurt,31,Other
188,Colleen Rodriguez,2021-01-06,Robinsonville,53,Female
190,Amy Smith,2023-01-10,Zacharyland,61,Female
191,Brandon Richardson,2024-12-12,Rebeccafort,49,Other
192,Michael Smith,2022-06-25,West Robert,64,Other
193,Cheryl Hernandez,2020-06-27,Carterborough,25,Male
194,Steven Frye,2023-11-23,Josephfurt,60,Male
195,Alison Brown,2023-10-03,Brownview,45,Male
196,Amanda Rogers,2021-06-14,New Christopher,41,Male
197,Jessica Hall,2020-06-21,Nealchester,58,Female
199,Jimmy Flores,2024-07-23,South Valerietown,21,Other
200,Gary Ward,2020-04-25,West Haleyport,57,Female
201,Timothy Sullivan,2020-04-22,Campbellburgh,45,Other
202,Kenneth Hawkins,2023-04-27,Phillipschester,37,Female
203,Carolyn Rogers DVM,2024-05-30,Isabelfurt,48,Male
204,Zachary Boyd,2020-11-18,Robertshire,51,Other
205,Amanda Armstrong,2023-10-14,Evansland,55,Other
206,Kathy Thompson,2022-06-09,Anitaside,37,Male
208,James Forbes,2022-10-31,Port Ericaview,20,Male
210,Jeremy Cuevas,2020-12-13,Mitchellburgh,52,Other
213,Cheryl Richardson,2022-12-19,North Bradport,38,Female
214,Susan Joseph,2020-08-25,Lake Lisachester,47,Female
215,Cathy Hall,2023-01-11,New Julia,49,Female
216,Samantha Baker,2022-07-30,Deborahstad,40,Other
217,Natalie Woods,2023-09-14,Melissaside,59,Male
220,Tyler Olson,2024-08-04,Port Lisa,69,Female
221,Nicole Gomez,2024-11-27,Jonesfurt,63,Female
222,Billy Scott,2024-02-24,Christinahaven,26,Male
223,Jonathan Jones,2020-08-12,West Craig,57,Other
224,Joanna Roman,2022-02-01,Lake Courtney,59,Female
225,Leah Lambert,2024-11-18,Johnsonborough,48,Male
226,Eric Thomas,2020-10-01,Adrienneberg,64,Female
227,John Boyle,2023-04-28,Edwardhaven,31,Female
228,Alicia Burns,2024-05-01,East Robert,37,Female
231,Pam Meyers,2024-05-08,East Jennifer,41,Female
232,Barry Davis,2022-06-21,North Rebecca,43,Male
233,Jared Bell,2020-04-06,North Patrickville,36,Male
235,Jeanette Kennedy,2021-11-30,Romerostad,31,Other
236,Cheryl Rose,2024-12-04,Nicolestad,68,Male
238,Christopher Daniels,2024-07-09,New Chadfort,57,Other
239,Rachael Adams,2022-06-22,Port William,33,Other
241,Brenda Gregory,2022-05-02,New Joshua,44,Other
242,James Johnson,2022-04-22,Walkerburgh,51,Male
243,Virginia Buchanan,2023-05-30,North Peterville,47,Male
245,Dana King,2022-03-18,South Nicoleside,29,Male
246,Lacey Hatfield,2020-04-28,Lake Denise,43,Other
247,Steven Patel II,2023-10-04,North Robert,28,Female
248,Rachel Goodman,2021-05-09,Markshire,55,Other
249,Dawn Garcia,2022-12-01,West Joshuamouth,22,Other
251,Thomas Mclean,2024-10-09,Christopherberg,54,Male
252,Bryan Stone,2024-06-11,Grahamton,24,Female
255,John Barber,2021-03-26,Santiagomouth,43,Other
258,Eugene Ewing,2023-11-26,Myersmouth,49,Female
259,Heather Wright,2022-09-20,Theresashire,43,Other
260,Mia Alexander DDS,2024-08-23,Tracyfurt,19,Male
262,Yvonne Clark,2023-11-08,East Regina,37,Male
263,Kenneth Maldonado,2024-11-05,North Jeremyville,64,Male
264,Emma Atkins,2021-11-07,South Mark,57,Female
265,Chelsea Carter,2021-09-10,South Dustin,43,Other
266,Brian Cooper,2020-03-27,Schmittmouth,63,Male
267,Joseph James,2024-06-23,Stevensbury,52,Male
268,Sandra Castillo,2021-03-27,South Benjaminton,44,Other
269,Nathaniel Williams,2020-11-13,Lyonsland,27,Female
270,Mike Simpson,2021-05-25,South Amandastad,29,Male
271,Brianna Evans,2020-10-27,East Matthew,31,Male
272,Christina Torres,2021-03-22,Lake Audreyfort,65,Female
273,Trevor Fernandez,2021-11-30,Stephenburgh,38,Other
275,Kathy Mitchell,2021-03-18,North Timothyburgh,39,Female
276,Amy Mclaughlin,2022-04-20,New Carrie,34,Male
277,Tammy Shannon,2022-06-22,Port Carlos,42,Male
278,Joel Hooper PhD,2022-05-05,East Katrinashire,22,Female
279,Brenda Sanchez,2020-12-18,New Bonnieberg,24,Other
280,Cory Armstrong,2021-10-07,South Allenport,44,Male
281,Adam Mckenzie,2021-06-22,Port Joshuastad,34,Other
282,Julie Smith,2022-08-25,North Gabrielchester,48,Male
283,Danielle Dixon,2021-05-26,East Teresa,53,Female
284,Lisa Jenkins,2024-07-25,Gregorychester,64,Other
285,Katherine Phillips,2023-02-09,Stephenburgh,50,Male
286,Kevin Gordon,2024-06-08,Dianaberg,49,Other
287,James Beck,2022-08-21,South Stephanie,63,Female
289,Haley Wilson,2020-10-22,Colinfurt,39,Other
291,Sarah Gomez,2021-08-05,North Aimee,64,Female
292,Brooke Shelton,2022-03-03,Haleychester,55,Other
293,Lauren Walls,2021-10-12,Amandaburgh,25,Female
295,Edward Cook,2020-04-21,Youngfurt,47,Female
296,Lauren Foley,2024-06-22,New Royfurt,60,Female
297,Tina Orozco,2021-03-23,West Kathryn,35,Female
298,Chris Scott,2022-11-22,Lake Joseph,56,Female
300,William Sosa,2022-04-23,South Shannonville,61,Female
301,Tammy Davis,2020-10-28,South Steven,37,Other
302,Mackenzie Allen,2023-01-21,North Troybury,44,Female
303,Tyler Ortiz,2023-05-14,West Robin,67,Female
304,Carrie Kent,2022-04-22,North Darren,37,Female
305,Tammy Hill,2020-10-16,Bauermouth,51,Male
306,Rebecca Smith,2023-01-22,Delgadohaven,48,Other
310,Antonio Jones PhD,2023-09-20,Davidstad,44,Female
311,Tracy Richards,2024-06-11,South Brentberg,65,Male
315,Sophia Stevenson,2021-09-29,Michaelhaven,68,Male
317,Brandi Martinez,2023-01-28,Humphreyburgh,31,Female
318,William Perez,2022-04-07,Jenniferview,43,Male
320,Daniel Holt,2021-08-25,Turnerborough,66,Male
321,Brianna Powell,2020-12-30,New Michaelborough,57,Other
322,Mathew Clayton,2024-12-19,Stephaniehaven,46,Other
323,Carla Blackwell,2020-12-10,South Jaclyn,35,Other
324,Gregory Hart,2022-12-06,Walterstown,38,Other
325,Alexandria Pacheco,2023-08-28,North Emilymouth,54,Other
326,Jason Cook,2021-08-22,East Robert,48,Female
329,Lisa Gay,2023-02-04,New Kyle,61,Male
330,Jeffrey Washington,2024-03-05,South Ryan,64,Female
331,Robert Young,2022-08-15,Michaelland,45,Female
332,Jessica Anderson,2022-11-03,Port Cynthiafurt,49,Other
333,Dean Huff,2021-06-03,Thompsonstad,23,Female
334,Michelle Chavez,2024-02-05,North Andrewmouth,45,Female
335,Angela Arellano,2022-09-27,Alyssamouth,49,Other
337,Yvonne Abbott,2023-01-15,Cindyside,30,Other
338,Jessica Madden,2021-06-15,Stevensontown,26,Male
339,Justin Leonard,2022-07-05,Joannabury,50,Other
340,Margaret Miller,2021-09-14,South Jeff,62,Female
343,Michael Davis,2021-08-12,Herringtown,48,Other
344,Gina Williams,2022-02-10,Port Lucasland,54,Female
345,Lisa Clark,2022-05-15,Lake Carl,69,Female
346,Walter Atkinson,2022-11-03,Lake Sarahmouth,50,Other
347,Albert Ward,2021-11-18,South Richard,55,Female
348,Emily Joseph,2022-07-04,Port Julieview,42,Male
349,Cynthia Campos,2024-06-22,Lake Angelamouth,29,Male
351,David Coleman,2020-05-21,West Abigail,25,Male
352,April Brown,2021-09-20,Lake Joshua,33,Other
353,Laurie Hall,2024-11-25,West Jessica,33,Female
356,Samuel Scott,2024-04-15,New Cindy,61,Other
357,Juan Webb,2024-11-07,North Jessicafurt,27,Other
358,Cassandra Hebert,2020-04-07,Jessicachester,22,Male
359,Kelly Carey,2020-11-18,Molinachester,24,Other
360,Mark Pena,2022-09-07,Petersonchester,56,Female
361,Angelica Dillon,2023-01-03,Amberfort,18,Female
363,Edward Young,2023-03-10,Brentview,19,Male
364,Katie Carter,2020-11-15,North Pamelabury,32,Female
365,Brianna Wood,2020-08-09,West Christopherfurt,19,Other
366,Melinda Dixon,2023-06-01,Lisafurt,46,Female
367,Shannon Hanna,2024-06-14,Lake Margaretmouth,50,Female
368,Karen Henderson,2022-04-03,Greenbury,53,Other
369,Lisa Farrell,2021-11-27,North James,65,Female
370,Mr. Reginald Lloyd,2020-05-27,West Barbarabury,50,Male
371,Courtney Mccann,2020-11-09,Rossview,33,Female
372,Kristen Ball,2020-12-09,West Judy,49,Female
374,Sean Howe,2023-02-05,Jacksonbury,39,Other
376,Gary Gibbs Jr.,2020-05-29,Lake Johnmouth,68,Female
377,Kathryn Roberson,2025-01-21,Jesseberg,42,Male
378,William Burnett,2022-03-26,Port Susantown,44,Other
379,Rachel Ramirez,2024-01-17,Dawnberg,30,Other
380,Thomas Andrews,2021-10-30,Lake Amy,44,Female
381,Alison Davis MD,2023-11-20,Port Sarahstad,39,Female
382,Teresa Strong,2022-06-29,West Dan,53,Other
385,Veronica Smith,2024-01-06,Lake Renee,18,Male
386,Carrie Levy,2022-09-20,Lake Theresaland,61,Female
387,Jeffrey Nash,2020-07-13,Transide,24,Other
389,Brandon Ward,2020-08-26,South Tonyachester,32,Female
390,Melissa Stevenson,2023-12-21,South Sophiabury,42,Female
392,Amanda Sanders,2021-03-06,West Markmouth,26,Other
393,William Moore II,2021-09-14,Francismouth,62,Male
394,William Johnson,2022-10-04,Melendezbury,19,Other
396,Kristie Stephenson,2020-04-07,Markmouth,57,Female
397,Michael Miller,2021-08-28,Port Ronald,50,Other
398,Lisa Hunt,2024-07-09,Christinabury,59,Other
399,Scott Wilson,2023-06-27,Lake Jeremyfort,20,Male
402,Erica Lewis,2023-04-22,West Lisaton,41,Female
403,Diana Aguilar,2023-03-20,Turnerchester,36,Male
404,Amanda Jones,2020-04-03,Longmouth,59,Female
407,Crystal Humphrey,2022-05-13,Tonyaland,57,Other
408,Hannah Rodriguez,2020-04-10,Jamesbury,50,Male
411,Ashley Morton,2021-03-11,Marksmouth,28,Female
412,Julie Abbott,2022-02-25,Justinstad,48,Female
413,Dr. Patricia Reynolds,2024-12-27,Savannahberg,55,Male
415,Victor Larson,2024-02-15,Drewborough,21,Other
416,William Sharp,2021-09-14,Esparzamouth,50,Female
417,Brandi Carrillo,2022-10-29,Lake Sarastad,18,Other
419,Amanda Sampson,2023-02-23,Melissatown,29,Female
420,Paul Ross,2022-07-06,Lindseyside,67,Other
422,Paul Henry,2024-01-24,South Elizabethstad,34,Male
423,Bailey Bishop,2020-11-22,West Vanessa,22,Male
424,Daniel Wise,2021-03-14,Brianstad,42,Female
426,Edward Francis,2022-12-07,Port Marilyntown,21,Female
428,Miguel Little,2022-12-10,Seanstad,43,Male
429,Melinda Knox,2023-01-10,South Amanda,51,Male
430,Larry Park,2020-05-19,Smithberg,41,Female
431,Brian Orozco,2023-10-08,Kaitlintown,36,Male
433,Anthony Wise,2022-11-11,New Stephanie,43,Male
434,Jeffrey Blake,2022-07-19,Port Tamarastad,57,Female
436,Christopher Harvey,2023-08-30,Reidstad,56,Female
437,Joshua Collins,2021-03-26,Diazland,51,Female
438,Karla Snyder,2022-08-20,West Robert,52,Female
440,Mark Quinn,2021-02-14,South Jeremiahburgh,45,Male
441,Dakota Blake,2022-08-30,New George,23,Male
442,Meghan Campos,2024-09-18,Seanberg,69,Female
443,Matthew Mcconnell,2021-01-21,Jessicaborough,25,Male
444,Susan Larson,2023-05-01,Russellfort,35,Male
445,Dawn Ruiz,2022-02-23,North Spencer,36,Female
446,Megan Edwards,2020-04-27,Lucaston,57,Female
447,David Campbell,2023-07-28,Johnsonbury,45,Male
448,Daniel Lewis,2020-02-28,Lake Tammy,60,Male
449,Joseph Mcdonald,2021-01-16,Baldwintown,29,Male
450,Dana Rivera,2020-02-25,Colleenfurt,45,Female
452,Veronica Thompson,2023-05-29,South Danielport,27,Male
453,Debra Evans,2020-06-17,North Lauriestad,44,Male
454,Kevin Harrison,2023-07-30,Norrisview,48,Male
455,Jaime Turner,2024-11-27,North Aaron,63,Other
456,Mrs. Cassidy Summers MD,2024-03-07,Christinastad,23,Other
458,William Chen,2024-09-26,New Kevinport,25,Male
459,Kelli Parks,2021-09-02,Port Dawn,39,Male
460,Tracy Smith,2021-01-13,East Jacob,68,Female
462,Angelica Cohen,2020-08-09,Andrewborough,68,Male
463,Karen Davis,2022-02-17,Martinezview,33,Other
464,Joann Hopkins,2024-05-05,Parksbury,53,Male
465,Samuel Hernandez,2024-10-17,Barbarabury,42,Female
468,Dr. Diana Clark MD,2023-06-12,Tiffanyborough,52,Other
469,John Paul,2022-03-27,Ginaside,60,Male
470,Brandon Avery,2021-09-22,West Kathleen,41,Other
471,James Adams,2020-06-24,New Wesley,28,Female
473,Susan Anderson,2023-10-23,Millerville,70,Male
474,Connor Shaffer,2022-02-16,Wrightburgh,51,Male
475,Jorge Diaz,2023-05-05,North Donnaside,59,Male
476,Kevin Paul,2020-09-28,East Joseph,42,Other
478,Shannon Stanton,2024-06-22,West Paul,36,Other
479,Chase Price,2021-04-24,Lake Kevinberg,30,Female
480,Brandon Ray,2024-11-26,South Laurenfort,66,Male
481,Annette Vaughan,2022-07-11,Patriciafurt,33,Other
482,Jonathan Ball,2022-11-19,Jamesfurt,49,Female
484,Colleen Moran,2023-01-10,South Brittanytown,68,Male
485,Lori Johnson,2021-04-06,Evelynland,24,Other
486,Gina Mason,2021-02-10,Walterport,20,Other
487,James Wallace,2023-10-04,South Nicholasview,60,Other
489,Timothy Dixon,2021-03-16,Amyport,34,Male
490,Ryan Faulkner,2022-08-31,Port Andrew,43,Male
491,Rhonda Taylor,2022-04-16,East Amandaton,44,Female
492,Joe Perez,2022-08-29,Lake Danielle,58,Male
493,Elizabeth Rivas,2023-01-05,Victorland,44,Male
494,Amanda Parsons,2021-03-20,Lake Ashleybury,44,Other
495,Robert Mason,2021-04-16,Lisaport,38,Female
496,Kevin Payne,2021-09-28,South Davidside,40,Other
497,Jennifer Hall,2023-06-19,East Kevin,41,Female
498,Jenny Mosley,2024-05-20,Douglasfurt,51,Male
500,Cody Davis,2023-05-04,Port George,38,Male
501,Amanda Murphy,2021-03-04,Danielbury,32,Male
502,Patricia Blankenship,2023-05-31,North Christina,25,Male
503,David Gallegos,2020-07-29,Huangport,68,Male
504,Kelly Aguirre,2023-08-02,Randallside,70,Male
505,Melissa Richardson,2021-07-07,Lake Jonathanbury,32,Female
506,Nathan Wolfe,2023-03-18,South Chris,29,Male
507,Kevin Johnson,2021-12-07,New Joseph,64,Other
508,Tiffany Brewer,2023-04-16,Vazquezberg,27,Female
509,Lonnie Boone,2020-07-10,New Mariabury,29,Female
510,Matthew Smith,2021-01-15,Jamesbury,20,Male
511,Patricia Ellison,2022-01-18,Gomezmouth,23,Male
512,Shawn Arias,2024-05-27,Lake Sean,49,Female
514,Misty Cunningham,2023-08-21,South Stephaniemouth,33,Other
516,James Hoffman,2023-07-04,South Brettport,44,Female
517,Robert Davis,2024-01-22,Deanview,44,Other
519,Jesse Rice,2020-04-11,South Natashaland,58,Male
520,Nicole Love MD,2022-06-18,Williamside,32,Other
521,Colin Brown,2021-04-10,Danielfort,38,Female
522,Ryan Caldwell,2023-08-11,Lake Williamville,44,Male
523,Vanessa Murphy,2020-06-23,Marksstad,52,Male
524,Michael Smith,2022-09-10,North Brandon,44,Other
525,Patrick Montoya,2022-05-21,Port Jason,20,Female
526,Karen Russell,2024-08-04,Port Johnburgh,44,Female
528,Hannah Carr,2021-09-07,Eileenberg,22,Other
529,Dalton Massey,2023-06-14,New Jasonhaven,39,Other
531,Kyle Fisher,2021-12-25,Bowersberg,46,Other
532,Anthony Bowman,2023-03-28,West Trevor,35,Other
534,Eric Flynn,2023-11-22,Johnburgh,27,Other
535,Alexis Russell,2020-08-12,Port Jeffrey,37,Other
536,Katherine King,2021-11-21,West Aliciaside,58,Female
537,Ryan Douglas,2024-08-27,Angelahaven,56,Male
539,Samantha House,2023-05-22,East Joseph,65,Female
540,Amy Hampton,2020-06-23,Keithside,25,Other
541,Christopher Rodriguez,2021-05-01,Stacyburgh,58,Male
543,William Webb,2022-06-30,Taylorchester,68,Male
544,Mckenzie Ryan,2020-05-08,Richardsonside,39,Other
545,Timothy Wheeler,2020-05-10,South Thomas,49,Female
546,Michael Reilly,2024-08-31,Bradyberg,55,Other
547,Shannon Santana,2021-08-14,Crystaltown,63,Other
551,Nicole Bennett,2021-02-06,East Morganberg,23,Male
552,Kimberly Rowe,2023-03-23,Hornburgh,19,Female
554,Sue Cochran,2022-05-10,Lake Ellenstad,54,Female
555,Michael Wood,2021-02-16,Henryberg,36,Female
559,Michelle Patel,2023-12-14,West Cathychester,45,Male
560,Sandra Johnson,2020-05-12,Herreraland,18,Other
562,Angel Harris,2020-07-08,East Cassidyville,45,Male
563,Adam Matthews,2021-03-11,North Erin,39,Male
565,Sergio Paul,2020-03-15,Lake Willie,26,Male
566,Jacqueline Mcmillan,2024-10-23,Paulville,51,Other
567,Vanessa Cole,2022-12-03,Hartport,63,Male
568,James Price,2025-02-10,Laurieburgh,46,Male
569,Victoria Hansen,2024-07-28,Patriciaview,62,Male
570,Gabrielle Dalton,2024-11-03,Dustinmouth,26,Other
571,Samantha Peck,2023-02-26,South Susanside,25,Female
572,Jacob Mcclure,2021-05-24,West Tammy,52,Female
574,Tiffany Williams,2023-10-25,Port Holly,25,Male
575,Zachary Anderson,2021-12-02,East Yolanda,64,Other
576,Matthew Koch,2022-01-26,North Melissa,26,Male
577,Marvin Clark,2024-11-10,Leemouth,20,Other
578,Rebecca Duarte,2021-11-08,Derrickland,42,Male
580,Ryan Herrera,2023-01-18,Caitlinborough,59,Female
582,Jeffrey Hunt,2021-05-05,Tuckerfurt,51,Female
583,Sheryl Roman,2020-05-24,South Lisa,38,Other
584,Todd Dunn,2020-08-28,Lake Laura,24,Female
585,Rodney Pugh,2023-02-23,North Tonyachester,69,Male
586,Amy Atkins,2024-07-12,North John,69,Female
587,Kathy Delgado,2020-07-13,Brittanyville,56,Other
588,David Castro,2023-07-08,Cunninghamstad,37,Male
589,Brittany Knox,2025-01-14,East Marc,33,Other
590,Kimberly Goodman,2022-03-21,Lake Taraport,26,Other
592,Tiffany Jensen,2022-10-06,Port Davidberg,44,Male
594,Rebecca Burns,2022-10-13,West Kellymouth,57,Male
595,Valerie Kaufman,2021-06-23,Bretthaven,44,Other
596,Anthony Harper III,2020-12-19,Amandastad,43,Female
597,Michael Robinson,2022-11-13,Gouldchester,21,Male
598,Melissa Schmitt,2023-03-18,East Grace,36,Female
600,William Gonzalez,2022-07-10,Griffinview,18,Male
601,Brandon Gonzalez,2022-08-21,Cruzstad,33,Female
604,Robert Weiss,2020-10-13,Lake Zachary,21,Female
606,Melinda Mccarthy,2022-11-14,West Kimberly,60,Male
607,Susan Shea,2022-01-02,Hernandezville,44,Male
608,Michael Scott,2023-01-20,North Debra,23,Female
609,Michele Parrish,2023-04-28,Jimside,52,Male
610,Caitlin Baldwin,2021-03-17,Tammiefort,53,Female
611,Charles Peterson,2022-06-04,Wangburgh,26,Other
612,Robert Hansen,2020-04-09,Richardstad,70,Male
613,Donald Lee MD,2024-12-30,Thomasfurt,53,Other
614,Robert Merritt,2020-07-18,Wheelerchester,67,Male
616,Melissa Morgan,2024-04-23,Shaneland,69,Other
617,Leah Hansen DDS,2020-03-01,East Roy,54,Female
618,Tanya Weber,2021-12-09,Williamsberg,44,Female
619,Timothy Williams,2024-07-19,West Sergio,43,Other
620,Ashley Woods,2024-02-22,Amandaton,67,Female
621,Gina Cuevas,2024-04-05,North Anthony,61,Female
624,Gregory Briggs,2024-10-15,Katherineview,19,Female
625,Kelly Ruiz,2022-06-24,Lake Ashley,20,Female
626,Tammy Stein,2022-09-15,Mariaville,30,Female
628,David Armstrong,2024-01-17,Gonzalesville,42,Other
630,Jennifer Johnston,2024-03-21,South Jasonberg,37,Male
631,Dennis Cannon,2023-04-03,New Joshua,62,Male
632,Gary Oneal,2021-07-07,South Christinebury,44,Female
633,Erica Moreno,2023-11-17,Williamsonville,70,Male
634,Michael Kemp,2022-09-14,South Andrew,34,Female
636,Andrea Wright,2024-02-24,West Georgestad,24,Male
637,Edward Santiago,2021-05-20,Stevenport,33,Other
638,Cassandra Gutierrez,2020-07-11,West Maryport,47,Male
639,Krista Torres,2022-07-27,New Ricardo,69,Female
640,Brian Garcia PhD,2021-08-14,North Willie,33,Other
642,Jennifer Daugherty,2021-03-29,Lewisport,19,Female
643,Angela Lewis,2020-05-08,Copelandview,50,Other
644,Jeffrey Jones,2023-01-04,Robertport,22,Other
645,Francisco Schultz,2021-11-24,Marshburgh,42,Other
646,Caleb Miller,2023-06-19,East Lisa,52,Female
647,Randy Barron,2023-02-22,Lake Anthonyport,68,Male
648,Suzanne Tucker,2025-01-17,North Annborough,63,Other
649,Christopher Williams,2021-07-01,West Melissamouth,50,Male
650,Sean Rodriguez,2023-04-06,Port Stephanieville,61,Other
651,Jasmine Washington,2023-08-25,West Brent,28,Female
652,Keith Perez,2022-05-14,New Maria,53,Male
653,Marco Alexander,2023-11-25,North Dylanfort,62,Other
654,Allison Turner,2022-09-22,Cabrerafurt,38,Female
655,Richard Cortez,2020-06-06,Whitemouth,22,Female
657,William Johnson,2023-03-25,Brownberg,39,Female
659,David Bates,2024-07-06,East Hannahberg,44,Male
660,Stephen Pope,2023-07-15,Dianashire,51,Female
662,Margaret Parks,2023-05-08,Port Edwardstad,35,Male
663,Amy Brooks,2022-03-16,West Jillian,70,Other
664,Lisa Johnson,2021-03-15,Port Barbarafurt,68,Female
665,Jennifer Taylor,2021-03-30,West Whitney,25,Other
666,Andrea Nichols,2024-08-22,Kevinchester,20,Other
667,Robert Page,2022-07-02,Melissaside,67,Female
668,Pamela Norris,2023-08-10,Rogersburgh,34,Male
669,Heather Buck,2024-06-25,Port Joshua,39,Other
670,Courtney Moreno,2024-07-24,North Molly,68,Female
671,Matthew Hill,2022-01-12,South Deborahtown,38,Female
676,Joseph Kim,2021-03-15,Phillipsview,30,Male
677,Kim Johnson,2024-01-13,Bishopfurt,49,Other
678,Michelle Griffin,2020-10-12,Rileyside,18,Female
679,Lindsey Ward,2020-06-27,West Melodymouth,61,Female
680,Wendy Bond,2022-04-02,New Andrew,67,Female
681,Theresa Berger,2023-09-15,Jenniferberg,61,Male
685,Marcus Lin,2021-09-01,Port Brandimouth,63,Other
686,Brad Mills,2024-12-08,Briannaburgh,39,Male
687,Christopher Jones,2023-02-25,Dawnburgh,43,Male
689,Jessica Golden,2022-08-20,Smallton,53,Other
690,Joseph Jones,2024-01-17,South Kristi,38,Male
692,Stacey Rodriguez,2023-02-26,Camposburgh,44,Other
693,Joseph Mayer,2023-04-02,Alexmouth,20,Other
694,Sherry Webb,2020-09-17,Lake Angela,20,Male
695,Sarah Molina,2021-12-27,New Christinafurt,33,Other
696,Robert Tucker,2024-08-29,Bullockborough,56,Other
697,Robert Smith,2020-06-28,Kemphaven,69,Other
698,Brett Rodriguez,2020-09-09,Jillland,44,Male
699,Stephanie Jones,2024-11-29,Lake Maria,34,Male
700,Jason Guerra,2024-08-04,Gravesfurt,68,Male
701,Juan York,2022-08-18,Cobbhaven,43,Other
702,Andrew Buchanan,2025-02-03,Port Justinburgh,38,Female
704,Carolyn Ross,2024-03-02,Port Christopher,23,Female
705,Daniel Schultz,2024-04-07,West Andrewport,39,Male
707,Jonathan Johnson,2024-01-29,East Shelby,33,Other
708,Sharon Obrien,2020-07-01,North Benjaminville,66,Female
709,Meagan Chavez,2024-09-07,Carsontown,29,Male
711,Matthew Alvarez,2021-04-07,Ashleyton,50,Male
712,Patricia Hall,2024-02-25,Michaelshire,22,Other
713,Laura Hooper,2024-09-20,South Kaitlyn,52,Male
714,Charles Ellis,2021-09-01,Port Lisa,28,Female
715,Frederick Miller,2021-06-24,Shannonfurt,25,Other
717,Kathleen Garrett,2020-04-07,Mclaughlinstad,28,Male
718,Timothy Poole,2020-09-08,West Courtney,58,Female
719,Maria Tate,2024-02-07,Markburgh,25,Male
721,Stephen Smith,2022-01-24,New Kimberlyton,46,Other
722,Carlos Mckay,2022-07-17,Robinhaven,29,Male
723,Monica Peterson,2020-12-17,New Cassie,65,Female
724,Donna Mcdonald DVM,2024-10-16,South Anthonybury,53,Female
725,Scott Frye,2021-12-04,Port Jillfort,60,Other
728,Douglas Harrison,2021-12-15,Lake Jonathan,27,Other
729,Brenda Watts,2024-10-31,East Erin,29,Male
731,Daniel Larson,2020-07-23,Whitneyview,28,Female
732,Roger Garcia,2020-11-05,Heidiview,23,Other
733,Taylor Allen,2022-03-23,Aprilport,45,Other
734,Nancy Page,2021-09-23,Lake Elizabethtown,70,Other
736,Christopher Hill,2020-07-27,Lake Abigailberg,67,Female
737,Nicholas Ramirez,2021-05-18,Maryview,63,Male
738,Regina Cannon,2024-11-26,New Jacobside,37,Other
739,Adam Wright,2023-06-13,Mistyport,61,Male
740,Emily Anderson,2022-02-26,Vanessachester,51,Other
742,Joseph Miller,2023-04-25,Port Carlview,46,Male
743,Joseph Peters,2020-08-04,Stacyview,32,Other
745,Don Adams,2021-01-07,Baileyborough,28,Female
746,Luis Brown,2023-09-18,North Amberton,49,Male
748,Diana Fischer,2022-03-10,South Amy,18,Male
749,David Ramirez,2022-04-04,Lake Martinbury,42,Female
750,William Butler,2020-10-02,Sparkston,25,Male
752,Veronica Weeks,2022-06-26,Nicolehaven,35,Other
754,Richard Collins,2024-09-29,Harrisburgh,40,Other
755,Joseph Edwards,2022-06-13,East Calvinburgh,35,Male
756,George Mosley,2022-07-03,East Michelleburgh,70,Female
757,David Galloway,2024-02-03,East Mark,30,Male
758,James Garcia Jr.,2023-01-15,West Douglas,47,Male
759,Richard Navarro,2020-05-15,Port Conniefurt,41,Other
761,James Williams,2022-09-24,Dalebury,29,Other
762,Mr. Matthew Newman,2023-02-19,Port Jared,52,Other
763,Ms. Victoria Davis,2021-11-21,New Nicholetown,40,Other
764,Mark Sanchez,2024-04-09,North Dakotafurt,36,Other
765,George Zimmerman,2023-03-29,Codyborough,26,Male
766,Kathryn Dunn,2024-01-13,North Earlburgh,41,Other
767,Stacey Rodriguez,2021-03-29,Lake Christopher,60,Other
770,Kaitlin Bruce,2020-11-09,West Wanda,38,Male
771,Ronald Robertson,2022-06-17,North Williamberg,35,Male
772,Ashley Day,2021-06-26,Morganfort,35,Other
773,Joshua King,2024-12-22,Stevenside,59,Male
774,Ryan Moran,2023-05-22,Rodriguezfort,63,Female
775,Allen Mccoy,2022-12-26,North Andrew,41,Female
776,Jeremy Simpson,2023-04-04,Lake Barryshire,35,Other
778,Jay Bennett,2021-12-23,South Tanya,26,Female
779,Michelle Bennett,2020-09-30,East Donaldside,44,Female
782,Evan Brown,2021-05-06,Michaelfurt,38,Female
783,Ryan Stokes,2023-05-31,South Joseph,46,Female
784,David Harrison,2022-12-21,Doylestad,55,Other
785,Michael Francis,2022-04-18,Port Patrickville,28,Other
786,Lisa Scott,2024-10-03,Lisaside,39,Male
787,Jenna Edwards,2023-10-22,West Antonio,65,Female
788,Kristie Mccoy,2021-10-18,West Jeffrey,46,Other
789,Joshua Delgado,2024-05-08,Carloschester,35,Female
790,Sandy Carter,2022-02-12,Alexisberg,69,Male
791,Paula Watts,2020-10-22,Port Rodneyberg,36,Male
792,Robert Wilson,2020-03-07,Colinview,69,Male
793,Mark Houston Jr.,2020-09-08,Richardborough,22,Male
795,John Larsen,2022-04-11,Smithfort,44,Male
796,Jordan Cordova,2021-10-13,Tannerstad,31,Other
797,Catherine Miller,2024-11-06,New Lindsayland,26,Male
800,Kevin Williams,2021-02-06,North Jacobland,26,Male
803,Gary Lowery,2021-12-07,North Sarahbury,46,Other
805,Steven Murphy,2024-03-03,South Sarah,49,Female
807,Kathy Lamb,2023-04-25,Hernandezland,64,Other
808,Ashley Larsen,2021-03-12,Bowmanbury,23,Male
809,Audrey Jones,2023-07-12,North Paulmouth,39,Other
810,Russell Haney,2023-11-09,New Kimberlyview,62,Other
811,Robert Meyer,2021-05-12,Jeffreychester,61,Other
812,William Jordan,2024-01-19,Diazview,30,Other
813,Victoria Ford,2022-04-19,Tylerhaven,36,Other
814,Todd Thomas,2023-04-22,North Dylan,36,Female
815,Joshua Hernandez,2023-12-13,Tammybury,23,Male
816,Justin Kemp,2022-09-06,Andreahaven,20,Male
818,Kathryn Wilson,2024-11-29,Codytown,34,Female
819,Kimberly Wagner,2022-08-15,West John,53,Other
822,Andrea Fields,2024-01-04,Emilyhaven,56,Male
823,Brenda Stokes,2023-05-06,South Jenniferport,62,Female
824,Amanda Wyatt,2021-05-19,East Connieview,64,Female
825,Jonathan Stevens,2021-04-02,North Michael,60,Other
826,Jose Finley,2023-06-24,New Vanessa,38,Female
827,Charles Morales,2023-03-16,Port Michaelborough,25,Female
830,Denise Hall,2024-01-29,Chanmouth,27,Other
831,Carol Guzman,2023-07-08,Robertview,62,Male
834,Autumn Washington,2020-12-27,South Nancyfort,51,Other
835,Brian Wyatt,2021-12-29,South Anthonyside,45,Other
836,Kelsey Lozano,2022-05-23,Pachecoshire,60,Male
837,Cheryl Kelly,2022-07-18,Gonzalezfurt,49,Female
839,Tamara Lee,2021-09-04,Port Rachael,30,Male
840,Stephen King,2023-11-02,New Stacychester,58,Female
841,Nicole Jackson,2021-12-18,West Pamelatown,63,Other
842,Jeremy Peterson,2021-10-09,Dyerbury,19,Female
843,Misty Scott,2020-07-30,Richbury,25,Female
844,Brenda Waters,2023-09-17,Port Timothy,69,Female
848,Reginald Reynolds,2024-01-23,North Penny,31,Male
849,Megan Anderson,2023-09-02,North Kimberlyville,24,Female
850,Daniel Blankenship,2020-12-24,Lake Kellyfurt,28,Male
851,Paula Hale,2022-04-06,North Mike,24,Male
853,Kelsey Thompson,2023-06-26,Russellmouth,61,Female
854,Jody Robinson,2020-08-26,New Margaret,33,Male
855,Rodney Bradley,2020-05-25,Lake Ericmouth,61,Other
856,John Wilson,2024-10-04,New Ryanmouth,64,Other
857,Chase Nunez,2020-10-21,Lake Stephaniehaven,26,Female
858,Michele Braun,2024-03-06,South Williamhaven,31,Other
859,Amanda Cameron,2020-10-26,Parksview,36,Other
860,Travis Simon,2020-04-16,Port Stephanie,19,Other
861,Richard Mcpherson,2024-04-13,North Kenneth,36,Male
862,Justin Clements,2020-06-22,Myersmouth,30,Male
863,Christine Castro,2021-06-07,Suttonton,67,Male
864,Mrs. Christine Henry DVM,2024-01-18,Jackland,48,Female
865,Sarah Johnson,2023-05-01,Kingberg,20,Male
866,Kimberly Oneill,2020-07-09,New Christopher,60,Female
867,Andrew Davis,2022-03-06,Lake Jessicaton,67,Female
868,Lisa Heath,2020-12-03,Cynthiaton,66,Male
869,David Flores,2022-12-21,New Jamesside,41,Other
870,Justin Parker,2021-09-18,East Jennifershire,58,Male
871,Lynn Mitchell,2021-10-07,Jessicaside,70,Male
872,Lisa Wilson,2021-10-23,South Gregoryhaven,46,Other
873,Ashley Lyons,2023-05-21,South Kevin,54,Other
874,Jeffrey Dixon,2024-02-24,Shawnberg,47,Male
876,Devin Jones,2021-05-05,Christophertown,26,Male
877,Nicholas Perry,2023-05-04,Lake Jeremy,46,Other
878,Emily Hart,2020-03-13,Ramosmouth,45,Female
882,Aaron White,2022-10-26,South Patrick,27,Male
883,Allen Farmer,2020-07-24,Randyport,68,Other
884,Phillip Smith,2023-07-18,Rebekahburgh,58,Male
885,Craig Vazquez,2021-05-26,Youngbury,53,Female
887,Daniel Melton,2022-08-28,West James,44,Male
888,David Marshall,2022-12-07,East Patrick,56,Other
889,Jordan Donaldson,2023-09-28,Smithmouth,26,Other
890,James Dominguez,2023-05-13,Port Crystal,32,Other
891,Kristin Reed,2021-08-24,South John,30,Female
892,Jessica Dawson,2024-06-21,Meyerborough,46,Male
894,Paula Phillips,2022-09-21,Lake Samuel,44,Other
895,Matthew Carter,2024-03-23,East Loganchester,19,Male
897,Anne Nguyen,2020-08-09,North Wesley,53,Male
900,Leslie Smith,2023-10-08,Hillfort,36,Male
901,Brenda Barnett,2024-08-16,Matthewchester,61,Male
902,Kenneth Hernandez,2020-05-19,South Nicholasfort,19,Female
903,Jeffrey Bauer,2024-05-04,West Sheenahaven,30,Other
904,Isabel Caldwell,2021-06-20,Melodyton,29,Female
905,Chelsea Morrison,2023-01-22,Knoxmouth,44,Male
906,Morgan Sexton,2022-04-16,Mirandafurt,64,Other
907,Michael Alvarez,2024-12-25,Samanthaville,63,Female
908,Kimberly Lara,2022-05-26,Marissaborough,45,Male
909,Emily Levy,2024-03-07,Lake Donnamouth,46,Male
910,Thomas Sanchez,2022-09-08,Buckchester,18,Male
911,Heather Curtis,2024-09-20,Port Rodneychester,36,Other
912,Tanner Simon,2024-11-22,Port Devintown,60,Other
913,Mary Collins,2023-04-07,Arroyoport,68,Male
914,Jonathan Soto,2020-10-12,North Dawnshire,19,Other
916,John Steele,2024-06-17,Benjaminbury,56,Other
917,Mr. Anthony Brown PhD,2021-06-04,Davidfort,40,Male
918,Joseph Snyder,2023-01-20,Natashaview,60,Male
921,Carlos May,2022-10-31,South Raymond,33,Female
925,Stephanie Horn,2023-10-24,Parkerside,61,Other
926,Dr. Laura Rivera DDS,2022-11-03,Port Sarastad,44,Other
927,Charles Perry,2021-05-13,Shealand,55,Other
928,Tony Schmidt,2024-01-15,North Kathryn,44,Female
932,Ryan Nelson,2023-08-13,Vanessafort,57,Other
933,Julie Mccall,2024-10-27,North James,60,Female
934,Brandon Shah MD,2023-07-08,Danielfurt,41,Female
937,Jason Patel,2023-12-17,Port Kristen,61,Female
939,Tiffany Griffin,2023-08-25,East Henryhaven,44,Male
940,Paul Foster,2021-02-23,New Dawn,68,Female
941,Isabella Hart,2025-02-14,Port Lori,47,Female
942,Mark Bernard,2020-12-13,Monicabury,69,Female
944,Anthony Schmidt,2021-09-29,Markland,44,Female
945,Luis Morales,2024-03-22,Johnmouth,70,Male
946,Kevin Nelson,2020-12-06,Boyertown,27,Other
947,Rachel Wagner,2022-03-30,Kochview,48,Female
948,David Gilbert DVM,2022-10-24,Christinachester,21,Other
949,Mallory Randall,2022-06-22,Lake Justin,68,Other
950,Heather Jordan,2022-02-04,East Nicholas,34,Other
951,Daniel Martinez,2022-06-03,Port Collinview,53,Male
954,Kenneth Davis,2021-05-03,South Victor,44,Male
955,Colleen Cruz,2022-07-11,East Jordan,67,Male
956,Deborah Reed,2020-04-06,Port Tinamouth,50,Female
957,Erica Torres,2023-06-27,Lake Reginashire,61,Other
959,Billy Bond,2020-11-04,West Joshuamouth,54,Male
961,Kimberly Lewis,2020-10-24,Jacquelinestad,32,Female
962,Karen Skinner,2024-11-28,Lopeztown,49,Other
964,Brent Wolfe,2022-02-13,Timothychester,26,Female
965,Jack Hogan,2022-07-29,Katietown,36,Other
966,Kristina Adams,2022-07-27,Sharonhaven,63,Other
967,Abigail Armstrong,2023-12-21,Lake Brianhaven,65,Male
968,Katrina Griffin,2020-10-18,Robertsonburgh,44,Male
969,Stephanie Oconnor,2021-02-03,West Johnathan,57,Other
970,Anthony Weber,2023-12-30,Port Patty,19,Male
971,Jillian Hernandez,2024-07-09,Grossville,27,Female
973,Jennifer Jones,2020-11-01,Port Andrewville,46,Female
976,Sarah Nunez,2024-01-20,Emilyburgh,40,Male
977,Tammy Stevens,2022-09-07,Ortegafort,48,Female
980,Aimee Duffy,2024-10-20,New Johnport,51,Other
981,Sarah Burns,2022-08-29,Brownton,19,Other
982,Ariana Lane,2022-02-02,Cookport,57,Other
983,Mr. Sean Moore,2022-06-06,South Stephaniemouth,67,Male
984,Joshua Henry,2024-02-24,New Sonya,26,Female
985,Devin Huynh,2024-08-11,Millerburgh,43,Other
986,Ryan Wong,2020-05-19,Yvonneton,36,Female
988,Joseph Hernandez,2020-06-01,West Patriciafort,58,Male
989,Tyrone Mcfarland,2021-12-14,Jenniferchester,20,Female
990,Vicki Kelly,2022-07-15,Port Williamhaven,64,Other
992,Aaron Duran,2024-03-31,South Laura,35,Male
993,Jake Montes,2022-02-08,Alexanderbury,19,Male
994,Marcus Brown,2022-06-03,Susanberg,37,Other
995,Maurice Smith,2020-06-05,New Linda,29,Other
996,Kimberly Pittman,2022-09-07,Port Anthonyland,32,Female
997,Deborah Richmond,2023-01-20,Jenkinsmouth,51,Male
998,Jeremy Brown,2023-09-30,Jacksonfort,70,Other
1001,Dana Gonzalez,2022-05-16,Jaybury,22,Other
1002,John Jones,2023-02-22,North Meghan,29,Male
1003,Amanda Gray,2023-06-17,West Melissa,41,Other
1004,Claudia Martinez,2021-04-04,Davidstad,41,Male
1005,Rachel Wallace,2023-04-27,Robinton,43,Female
1006,Sara Wyatt,2021-06-16,West Thomasfort,23,Female
1008,Michael Benitez,2024-03-20,Lake Lesliefurt,68,Male
1009,Christine Garrett,2024-12-28,Lake Michaelmouth,26,Other
1010,Donald Henderson,2024-12-21,South Kristashire,69,Male
1011,Danielle Whitaker,2020-07-20,Ortizberg,25,Male
1012,Jason Alexander,2022-01-10,Branditon,67,Other
1013,Ryan Alexander,2023-01-19,North Randy,22,Other
1014,Victor Obrien,2023-07-28,East Curtis,69,Other
1015,Judy Garcia,2020-05-08,Stevenport,59,Female
1017,Aaron Johnson,2021-02-02,Michaelfort,44,Other
1019,Samuel Perez,2024-01-18,Gutierrezhaven,47,Other
1020,Tyler Hunt,2022-08-03,Shawnport,37,Female
1021,Brian Wilson,2024-08-24,Adamview,47,Female
1022,John West,2022-01-22,Williammouth,20,Female
1023,Natalie Garcia,2020-04-11,Granthaven,24,Other
1025,Erin Washington,2022-02-04,Ericborough,37,Other
1026,Lauren Sutton,2024-10-01,North Marybury,65,Male
1027,Teresa Soto,2021-08-03,Donaldtown,56,Other
1028,Michael Clark,2021-01-13,North Keithburgh,58,Other
1029,Adam Burns,2023-06-02,Lake Micheleview,58,Other
1032,Jennifer Atkins,2024-06-02,North Rebecca,30,Female
1034,Katherine Chapman,2023-08-18,Herreraport,48,Other
1035,Christopher Wilkinson,2020-06-10,Lake Ryanton,31,Male
1036,Jacqueline Johnson,2020-03-21,Lake Ryan,37,Other
1037,Mathew Lamb,2025-02-13,New Rebekahmouth,44,Female
1040,Jennifer Caldwell,2024-11-09,Arthurbury,29,Male
1042,Danielle Rasmussen,2023-12-29,Lisamouth,46,Female
1043,Dr. Sarah Kennedy,2023-01-08,Amybury,62,Other
1045,Michael Hernandez,2021-03-21,Erinview,62,Other
1046,David Barton,2020-12-05,Leeburgh,44,Female
1047,Kelsey Baker,2024-11-12,Alvaradoville,45,Male
1048,Kenneth Edwards,2024-01-09,North Bettyport,65,Female
1049,Jason Elliott,2023-11-02,Debbieberg,69,Female
1051,Joyce Lee,2022-04-24,West Elizabeth,29,Other
1052,Brandon Hodges,2020-08-17,New Darren,66,Other
1054,Heather Lamb,2022-02-11,New Angelamouth,44,Male
1055,Peter Harris,2024-08-13,Rodneyshire,70,Other
1056,Teresa Young,2020-04-01,Hardyberg,48,Male
1057,Candace Hays,2022-04-10,North Amy,45,Other
1058,Jeffrey Dominguez,2022-03-18,Cruzport,44,Male
1059,Rachel Cooper,2020-06-27,Jefferyport,18,Male
1060,Ryan Guerra,2021-08-21,Royfort,70,Female
1061,Cassandra Berger,2024-01-01,Jenniferton,47,Male
1062,Allen Carson,2021-09-21,New Donald,68,Male
1064,Jordan Pitts,2021-05-13,West Kimberly,31,Male
1065,Kyle Gonzalez,2022-04-25,Coxton,52,Female
1067,Michelle Davis,2021-10-18,West Travis,49,Female
1068,Lori Peterson,2021-10-30,Greenfurt,48,Other
1069,James Davis,2023-12-26,Randyshire,49,Female
1070,Elizabeth Patton,2024-04-02,Aguirrebury,42,Male
1071,Danny Pena,2020-03-14,East Steven,44,Male
1072,Robert Walker,2022-02-25,Grantberg,54,Male
1073,Colleen Herring,2020-12-31,South Christopher,63,Male
1074,Valerie Guerrero,2024-12-10,North Omar,40,Other
1075,Wendy Wiggins,2022-01-04,Lake Jessicaburgh,52,Female
1076,Scott Stuart,2023-04-19,South Deanna,21,Female
1077,Samantha Salinas,2023-11-11,Sarachester,67,Other
1078,Leah Diaz,2021-05-26,South Johnny,25,Male
1080,Courtney Robles,2022-08-28,Stacystad,69,Male
1081,Joshua Braun,2022-02-19,Lake Kathy,69,Female
1082,Timothy Frazier,2024-07-31,Careystad,68,Male
1084,Dana Garcia,2021-07-27,Port Marvin,20,Male
1085,Steven Burnett,2023-08-08,East Donna,66,Female
1086,Stefanie Hunt,2024-02-04,West Darius,48,Male
1087,Gregory Hamilton,2022-01-13,East Laurenhaven,48,Male
1089,Gary Weaver,2021-03-14,Juarezmouth,68,Other
1090,Daniel Short,2024-04-02,Margaretfurt,26,Male
1092,Gregory Collier,2024-06-17,West Dana,65,Other
1093,Jacob Mcintyre,2023-02-24,Andrademouth,33,Other
1095,Stephen Colon,2020-05-18,Barbaraburgh,47,Other
1097,Mrs. Leslie Mcdonald,2024-08-28,West Jameshaven,46,Male
1098,Jason Clark Jr.,2022-01-12,Port Richardmouth,37,Other
1099,Adam Carson,2022-05-10,Colefurt,46,Female
1100,Alicia Price,2021-05-07,Cindyside,57,Female
1102,Mrs. Lindsey Wolf,2020-11-30,New Michaelborough,44,Female
1103,Leah Ray,2022-05-03,South Josephfort,33,Male
1105,Nicholas Anderson,2020-04-27,North Mary,33,Other
1106,Julia Smith,2024-05-12,New Laura,48,Other
1107,Bobby Berg,2020-08-21,Scottfort,18,Male
1108,Jessica Rodriguez,2020-11-02,Laurenside,37,Female
1109,Stephanie Braun,2022-02-02,Dennisfort,41,Male
1110,Nicholas Miles,2020-10-27,Rodriguezland,67,Male
1111,John Murphy,2021-11-13,South Samanthaberg,42,Female
1113,Bryan Rowland,2021-07-14,Lake Johnfort,55,Male
